ordinance_number,resolution_number,proponent,author,title,held_at
673-1991,5104-91,,,"AN ORDINANCE ESTABLISHING A ""NO ENIRY SIGN"" IO R. DELA SERNA SIREEI LOCAIED BARANGAY POBLACION PHIS CITY ALL VEHICLES COMING FROM B.M. SIREEI EXCEPI MOIORIZED IRICYCLES FOR HIRE AND PRIVAIE MOIOR VEHICLES COMING FROM LOPEZ JAENA AND PLARIDEL SIREEIS , ALL IN BARANGAY POBLACION BEING A SCHOOL ZONE AND IMPOSING PENALIY THEREOF","October 2, 1991"
63-2017,14-0898-201,,,AN ORDINANCE CREATING THE DIFFERENT POSITIONS OF THE LAPU LAPU CITY COLLEGE,"JULY 26, 2017"
179-2002,1211-2002,,,"ORDINANCE NQ 179-2002 AN CLASSES OF ALL LEVELS IN BABAG NATIONAL HIGH SCHOOL, BABAG, LAPU-LAPU CITY","JUNE 26,2002"
124-2008,4917,,,,
100-1999,1168-99,,,"AN ORDINANCE TRANSFERRING THE PLANTILLA ITEM OF ONE POSITION OF ADMINISTRATIVE OFFICER IV, ITEM FROM THE OFFICE OF THE CITY BUDGET OFFICER TO THE OFFICE OF THE VICE MAYOR",MAY 26. 1999
75-2023,16-0930-2023,,,AN ORDINANCE AMENDING AND UPGRADING THE QUALIFICATIONS STANDARDS OF THE COLLEGE ADMINISTRATOR POSITION IN THE LAPU-LAPU CITY COLLEGE Service Commission (CSC) of the plantilla position of the Administrator in the Lapu-Lapu City College it is not consistent with the CHED requirements for a Administrator position; College College,"JANUARY 25,2023"
15-2001,169-2001,,,AN ORDINANCE CREATING POSITIONS IN THE OFFICE OF TIIE SANGGUNIANG PANLUNGSOD AND OFFICE OF THE SECRETARY TO THE SANGGUNIANG PANLUNGSOD,SEPTEMBER 52001
370-1990,2962-90,,,"AN ORDINANCE CREATING THE CITIZENS DRUG (CDWC ) INSTALL AND LAUNCH THE JUNIORS CIIIZENS DRUG WATCH"" YOUIH OUIREACH PROGRAM AGAINSI DRUG ABUSE ( YOPADA) , AND THE BARANGAY CAMPAIGN AGAINST DRUG ABUSE (BARCADA ) IN THE FERENT BARANGAYS ADOPTING AND SLOGAN: SAVE IHE ABUSER"" AND APPROPRIATING TUNDS MHEREAS President Corazon Aquino has pressed the drive against drug abuse and directed local governnent officials to harness the youth the land in the fight against the drug nenace;",
15-111-2020,15-1170-2020,,,"RESOLUTION NO 15-1170-2020 Afier due deliberation of the SangguniangParlungsod of the of Lpu-iapu, on Dungog City RESOLVFD. to enact. as it is hereby ENACTED the following ORDINANCE NO 15-111-2020 THE CITY DEVELOPMENT COUNCIL EXECUTIVE COMMITTEE DATED SEPTEMBER 28, 2020 a5 per Reslution No. 2020-14 ofthe Development Council Executive Conunittee dated City","OCTOBER 22, 2020"
405-1974,,,,,Junc 17
136-2024,16-2229-2024,HON. ANNABETH D. CUIZON,HON. ANNABETH D. CUIZON,"AN ORDINANCE INSTITUTIONALIZING THE GRANT OF THE MID-YEAR AND YEAR-END CASH ASSISTANCE TO QUALIFIED SENIOR CITIZENS LAPU, ESTABLISHING GUIDELINES THEREOF, AND FOR OTHER RELATED PURPOSES provide for certain privileges and incentives with due consideration to the additional needs of these sectors;","MARCH 14,2024"
168-2018,14-3021-2018,,,"AN ORDINANCE ALLOCATING FINANCIAL ASSISTANCE TO LAPU-LAPU CITY FIESTA EXECUTIVE COMMITTEE, INC. TO COVER CASH PRIZES FOR MISS LAPU-LAPU 2018 AND AUTHORIZING THE MAYOR TO RELEASE THE PRIZES TO THE WINNERS AND OTHER CANDIDATES AND DESIGNERS","DECEMBER 12, 2018"
122-1963,1352,,,,
202-2019,14-3333-2019,,,"AN ORDINANCE REVERTING THE AMOUNT OF TWO MILLION SEVEN HUNDRED NINETY-ONE THOUSAND SIX HUNDRED SIX PESOS AND TWENTY-ONE CENTAVOS (P2,791,606.21) FROM THE CONTINUING APPROPRIATION TO FUND THE SUPPLEMENTAL BUDGET NO 2019-01 FOR THE OPERATION OF HOSPITALS OF THE CITY OF LAPU-LAPU FOR FISCAL YEAR 2019","JUNE 6, 2019"
224-2005,1252-2005,,,"AN ORDINANCE AUTHORIZING THE CITY MAYOR TO NEGOTIATE FOR THE PURCHASE OF OR TO EXPROPRIATE, IF NECESSARY, A PORTION OF LOT NO. 2-PART OF PCS-07-003890 REGISTERED UNDER THE NAMES OF HILDA TAN AND HELEN L GO, INVOLVING A TOTAL LAND AREA OF 4,625 SQUARE METER LOCATED AT BANKAL, LAPU-LAPU CITY, WHICH WILL BE USED AS THE SITE FOR THE PROPOSED BANKAL BARANGAY HALL AS AN AMENDMENT OF ORDINANCE NOS, 193-2005 AND 169-2005","JULY 6, 2005"
302-1997,1903-97,,,"AN ORDINANCE AMENDING ORDINANCE NO. 659, SERIES OF 1991, CREATING THE LAPU-LAPU CITY TRAFFIC COMMISSION SECTION There shall be created under the Office of the City Mayor the Lapu-Lapu shall be composed of thirteen members , as follows: a) The Chief of the Land Transportation Office agency; b) Representative of the Prosecution Office, preferably a prosecutor; City Chief of Police, or his representative , in the latter case, preferably the Chief of the Traffic Division; The d) Two representatives of the Sangguniang Panlungsod , representing its Committee on Police and Committee on Transportation and Communication; The City Engincer or his representative; Two representatives of the Office of the City Mayor, namely: its Consultant on Police Matters and the Supervisor of the Traffic Law Enforcers; The Barangay Captain of the Poblacion: h) Three representatives the private sector, representing private business public land transportation service and president of a duly registered drivers ' association; from Representative of non-govemmental or civic organization , to be designated by the Honorable City Mayor, The Chairman of the Commission shall likewise be designated by the City Mayor among its members The Mayor may increase the members as the need arises. from SEC Powers , Functions and Duties of the Commission The Commission shall have the following powers; functions and duties: a) To prescribe policy guidelines for efficient and effective implementation oftraffic laws , ordinances, rules regulations; and b) To adopt such rules and regulations as may be necessary to out its functions and duties and to recommend to the City Mayor the and firing of traffic enforcers: carry hiring c) To prepare and propose to the Sangguniang Panlungsod Traffic Master Plan which shall include the routes and zones of operation of public land transportation services and for private motor vchicles; zones; one way streets, through streets; parking and no-parking areas; traffic lanes, and unloading zones; pedestrian lanes; traffic lights and the types of markings to be placed and maintained for the identification of such routes zones, lanes and areas, for the effective management and control of the traffic situations in keeping with the progress ofthe City; loading",
15-176-2021,15-2062-2021,,,"AN ORDINANCE APPROPRIATING THE AMOUNT OF TWO MILLION NINE HUNDRED SEVENTY-SIX THOUSAND TWO HUNDRED FIFTY PESOS (P2,976,250.00) FOR THE PURCHASE OF FORTY (40) UNITS OF COMPUTERS VACCINATION SITES; TO BE CHARGED AGAINST ACCOUNT CODE 202-01-060-01 (PAGCOR FUNDS)","AUGUST 12, 202"
271-1994,,,,,
122-2014,13-1478-2014,,,"AN ORDINANCE APPROVING THE SUPPLEMENTAL BUDGET NO. 2014-02 FOR MARKET AND SLAUGHTERHOUS IN THE TOTAL AMOUNT HUNDRED SEVENTY THREE THOUSAND SEVENTEEN PESOS (P473,017.00) OF THE CITY OF LAPU-LAPU","DECEMBER 19, 2014"
15-2022,6-0193-2022,,,"AN ORDINANCE AMENDING CITY (RDINANCE NO. 15-205-2021 TITLED ""AN ORDINANCE AUTHORIZING THE MAYOR TO ENTER INTo A NEGOTIATED SALE INITIATE AND MAINTAIN EXPROPRIATION PROCEEDINGS OF OF IAND AND STRUCTURES THAT WILL. BE AFFECTED BY PROPOSED PAKPAKAN TO COLLINWOOI ROAI) OFENING IN BARANGAY BASAK, CITY AS CUNTAINED IN LOCAL APPRAISAL of enacted an Ordinance No. 15-205-2021 authorizing the Mayor to a negotiated sale andlr expropriation proceedings in relation to prcpeities affected by the Proposed Pakpakan Collinwood Road Opening as contained the Local Appraisal Committee Report No. 2020-14 dated October 1. 2020; (ity LapuLapu",October 1. 2020
56-1993,1396-89,ROBIN DIMATAGA,ROBIN DIMATAGA,"ORDINANCE 56-A NO: ORDINANCE MENDING SECTION 6 Or' ORDINANCE NO 172, RESOLUTION NO . 1396-89 AS IHE REGULATORY IC CODE LAPU IAFU Je","May 24 , 1993"
176-2024,19,HON. ANNABETH D. CUIZON,HON. ANNABETH D. CUIZON,"AN ORDINANCE GRANTING A ONE-TIME GRATUITY PAY TO WORKERS ENGAGED IN CONTRACT OF SERVICE (COS) AND JOB ORDER (JO) WORKERS WITH THE LAPU-LAPU CITY GOVERNMENT IN THE AMOUNT OF SEVEN THOUSAND PESOS (P 7,000.00) EACH FOR FISCAL YEAR 2024 NOW THEREFORE,","DECEMBER 20, 2024"
197-2016,13-2478-2016,,,"AN ORDINANCE WAIVING FEES FOR THE ISSUANCE OF LOCAL BIRTH, DEATH AND MARRIAGE CERTIFICATES; PROCESSING OF NATIONAL STATISTICS OFFICE (NSO) REQUESTS: MARRIAGE LICENSE APPLICATION: LICENSE SERVICE; ENDORSEMENTS; AND LATE REGISTRATION OF BIRTH, DEATH AND MARRIAGE CERTIFICATE ON FEBRUARY 23, 2016 IN THE MAINLAND AND ON FEBRUARY 17-18, 2016 IN OLANGO ISLAND OF THE CITY OF LAPU-LAPU AS PART OF THE CELEBRA TION OF THE CIVIL REGISTRATION MONTH",FEBRUARY 10. 2016
010-2013,13-0169-2013,,,AN ORDINANCE APPROVING THE CITYS AMENDED CY 2013 ANNUAL INVESTMENT PROGRAM INCORPORA TING SUPPLEMENTAL BUDGET NO. 1 AS PER CITY DEVELOPMENT COUNCIL (CDC) RESOLUTION NO. 2013-11,SEPTEMBER 11. 2013
